"AREA_ID","AREA_NAME","LRG_AREA_ID_ID"
1,"Area 1",213
2,"Area 10",210
3,"Area 101",230
4,"Area 102",231
5,"Area 103",232
6,"Area 104",233
7,"Area 105",234
8,"Area 106",235
9,"Area 107",236
10,"Area 108",238
11,"Area 109",239
12,"Area 11",207
13,"Area 110",240
14,"Area 111",208
15,"Area 12",209
16,"Area 121",190
17,"Area 123",191
18,"Area 124",192
19,"Area 125",193
20,"Area 126",194
21,"Area 127",212
22,"Area 13",1
23,"Area 14",2
24,"Area 142",242
25,"Area 15",3
26,"Area 16",4
27,"Area 17",5
28,"Area 18",6
29,"Area 19",631
30,"Area 19 Main Portion",337
31,"Area 19 Saanich Inlet only",7
32,"Area 2",224
33,"Area 2 East",633
34,"Area 2 West",634
35,"Area 20",632
36,"Area 21",184
37,"Area 22",185
38,"Area 23",570
39,"Area 23 Alberni Inlet",297
40,"Area 23 Barkley Sound",186
41,"Area 24",187
42,"Area 25",188
43,"Area 26",189
44,"Area 27",211
45,"Area 28",8
46,"Area 29",9
47,"Area 29 Georgia Strait",9
48,"Area 29 In River",630
49,"Area 3",214
50,"Area 4",215
51,"Area 5",226
52,"Area 6",225
53,"Area 7",227
54,"Area 8",228
55,"Area 9",229
56,"Unspecified",0
57,"A014",2
58,"A121",190
59,"A025",188
60,"A026",189
61,"A013",1
62,"A142",242
63,"A107",236
64,"A024",187
65,"A003",214
66,"A105",234
67,"A022",185
68,"A123",191
69,"A126",194
70,"A103",232
71,"A011",207
72,"A029IR",630
73,"A028",8
74,"A006",225
75,"A023AI",297
76,"A015",3
77,"A016",4
78,"A023BS",186
79,"A101",230
80,"A019SI",7
81,"A019MP",337
82,"A125",193
83,"A017",5
84,"A021",184
85,"A018",6
86,"A002E",633
87,"A012",209
88,"A008",228
89,"A106",235
90,"A001",213
91,"A004",215
92,"A124",192
93,"A102",231
94,"A111",208
95,"A027",211
96,"A010",210
97,"A108",238
98,"A007",227
99,"A029GS",9
100,"A109",239
101,"A127",212
102,"A002W",634
103,"A020",632
104,"A005",226
105,"A009",229
106,"A104",233
107,"A130",241
108,"A110",240
109,"A019IR",0
110,"A020W",672
111,"A020E",671
112,"A019",631
113,"A029",9
114,"A023",570
115,"A002",224
116,"A013N",651
117,"A013S",650
