TEXT,COLUMN_NAME,DB_ITEM,DISPOSITION,MODIFIER,GROUPING,COMMON_NAME,DISPLAY_NAME,SPECIES,LENGTHCLASS
SHARKS,FINFISH_SHARKS_RELE,FINFISH_SHARKS_RELE,Released,N/A,FINFISH,Other and unknown sharks,CHONDRICHTHYES,060,Unspecified
SHARKS,FINFISH_SHARKS_KEPT,FINFISH_SHARKS_KEPT,Kept,N/A,FINFISH,Other and unknown sharks,CHONDRICHTHYES,060,Legal Size
SHARKS,FINFISH_OTHER_SHARKS_RELE,FINFISH_OTHER_SHARKS_RELE,Released,N/A,FINFISH,Other and unknown sharks,CHONDRICHTHYES,060,Unspecified
PINKSCALLOP,BIVALVES_PINKSCALLOP_KEPT,BIVALVES_PINKSCALLOP_KEPT,Kept,N/A,BIVALVES,Scallop (Pink and Spiny),CHLAMYS,66Z,Legal Size
BLUEMUSSEL,BIVALVES_BLUEMUSSEL_KEPT,BIVALVES_BLUEMUSSEL_KEPT,Kept,N/A,BIVALVES,Blue Mussel,MYTILUS EDULIS(BLUE MUSSEL),66A,Legal Size
STEEL,FINFISH_STEEL_RELE,FINFISH_STEEL_RELE,Released,N/A,FINFISH,Steelhead,ONCORHYNCHUS MYKISS,128,Unspecified
STEEL,FINFISH_STEEL_KEPT,FINFISH_STEEL_KEPT,Kept,N/A,FINFISH,Steelhead,ONCORHYNCHUS MYKISS,128,Legal Size
EULACHON,FINFISH_EULACHON_RELE,FINFISH_EULACHON_RELE,Released,N/A,FINFISH,Eulachon,THALEICHTHYS PACIFICUS(EULACHON),148,Unspecified
EULACHON,FINFISH_EULACHON_KEPT,FINFISH_EULACHON_KEPT,Kept,N/A,FINFISH,Eulachon,THALEICHTHYS PACIFICUS(EULACHON),148,Legal Size
WEATHERVANE,BIVALVES_WEATHERVANE_KEPT,BIVALVES_WEATHERVANE_KEPT,Kept,N/A,BIVALVES,Weathervane scallop,PATINOPECTEN CAURINUS(WEATHERVANE SCALLOP),68A,Legal Size
COONSHRIMP,PRAWNCRAB_COONSHRIMP_RELE,PRAWNCRAB_COONSHRIMP_RELE,Released,N/A,PRAWNCRAB,Coonstripe Shrimp,PANDALUS DANAE(COONSTRIPE SHRIMP),SCF,Unspecified
COONSHRIMP,PRAWNCRAB_COONSHRIMP_KEPT,PRAWNCRAB_COONSHRIMP_KEPT,Kept,N/A,PRAWNCRAB,Coonstripe Shrimp,PANDALUS DANAE(COONSTRIPE SHRIMP),SCF,Legal Size
DUNCRABSUBLEG,PRAWNCRAB_DUNCRABSUBLEG_RELE,PRAWNCRAB_DUNCRABSUBLEG_RELE,Released,N/A,PRAWNCRAB,Dungeness Crab,METACARCINUS MAGISTER,XKG,Non-Legal Gender or Size
DUNCRABLEGAL,PRAWNCRAB_DUNCRABLEGAL_RELE,PRAWNCRAB_DUNCRABLEGAL_RELE,Released,N/A,PRAWNCRAB,Dungeness Crab,METACARCINUS MAGISTER,XKG,Legal Gender and Size
DUNCRABLEGAL,PRAWNCRAB_DUNCRABLEGAL_KEPT,PRAWNCRAB_DUNCRABLEGAL_KEPT,Kept,N/A,PRAWNCRAB,Dungeness Crab,METACARCINUS MAGISTER,XKG,Legal Gender and Size
REDRCRAB,PRAWNCRAB_REDRCRAB_RELE,PRAWNCRAB_REDRCRAB_RELE,Released,N/A,PRAWNCRAB,Red Rock Crab,CANCER PRODUCTUS,XLA,Unspecified
REDRCRAB,PRAWNCRAB_REDRCRAB_KEPT,PRAWNCRAB_REDRCRAB_KEPT,Kept,N/A,PRAWNCRAB,Red Rock Crab,CANCER PRODUCTUS,XLA,Legal Size
COHO,SALMON_COHO_UNK_RELE,SALMON_COHO_UNK_RELE,Released,N/A,SALMON,Coho,ONCORHYNCHUS KISUTCH(COHO SALMON),115,Unspecified
COHO,SALMON_COHO_UNK_KEPT,SALMON_COHO_UNK_KEPT,Kept,N/A,SALMON,Coho,ONCORHYNCHUS KISUTCH(COHO SALMON),115,Legal Size
COHO,SALMON_COHO_WILD_RELE,SALMON_COHO_WILD_RELE,Released,Unmarked,SALMON,Coho,ONCORHYNCHUS KISUTCH(COHO SALMON),115,Unspecified
COHO,SALMON_COHO_WILD_KEPT,SALMON_COHO_WILD_KEPT,Kept,Unmarked,SALMON,Coho,ONCORHYNCHUS KISUTCH(COHO SALMON),115,Legal Size
COHO,SALMON_COHO_HATCH_RELE,SALMON_COHO_HATCH_RELE,Released,Marked,SALMON,Coho,ONCORHYNCHUS KISUTCH(COHO SALMON),115,Unspecified
COHO,SALMON_COHO_HATCH_KEPT,SALMON_COHO_HATCH_KEPT,Kept,Marked,SALMON,Coho,ONCORHYNCHUS KISUTCH(COHO SALMON),115,Legal Size
SOCKEYE,SALMON_SOCKEYE_RELE,SALMON_SOCKEYE_RELE,Released,N/A,SALMON,Sockeye,ONCORHYNCHUS NERKA(SOCKEYE SALMON),118,Unspecified
SOCKEYE,SALMON_SOCKEYE_KEPT,SALMON_SOCKEYE_KEPT,Kept,N/A,SALMON,Sockeye,ONCORHYNCHUS NERKA(SOCKEYE SALMON),118,Legal Size
MOONSNAIL,OTHSHELLFISH_MOONSNAIL_KEPT,OTHSHELLFISH_MOONSNAIL_KEPT,Kept,N/A,OTHSHELLFISH,Moon Snail,EUSPIRA LEWISII,27F,Legal Size
SHORECRAB,PRAWNCRAB_SHORECRAB_RELE,PRAWNCRAB_SHORECRAB_RELE,Released,N/A,PRAWNCRAB,Shore Crab,VARUNINAE(SHORE CRABS),YQA,Unspecified
SHORECRAB,PRAWNCRAB_SHORECRAB_KEPT,PRAWNCRAB_SHORECRAB_KEPT,Kept,N/A,PRAWNCRAB,Shore Crab,VARUNINAE(SHORE CRABS),YQA,Legal Size
ROCKFISH,HALIBUT_ROCKFISH_OTHER_RELE,HALIBUT_ROCKFISH_OTHER_RELE,Released,N/A,ROCKFISH,Other and unknown rockfish,SEBASTES,402,Unspecified
ROCKFISH,HALIBUT_ROCKFISH_OTHER_KEPT,HALIBUT_ROCKFISH_OTHER_KEPT,Kept,N/A,ROCKFISH,Other and unknown rockfish,SEBASTES,402,Legal Size
ROCKFISH,ROCKFISH_OTHER_KEPT,ROCKFISH_OTHER_KEPT,Kept,N/A,ROCKFISH,Other and unknown rockfish,SEBASTES,402,Legal Size
ROCKFISH,ROCKFISH_OTHER_RELE,ROCKFISH_OTHER_RELE,Released,N/A,ROCKFISH,Other and unknown rockfish,SEBASTES,402,Unspecified
SPINYDOG,FINFISH_SPINYDOG_RELE,FINFISH_SPINYDOG_RELE,Released,N/A,FINFISH,Dogfish,SQUALUS SUCKLEYI,044,Unspecified
SPINYDOG,FINFISH_SPINYDOG_KEPT,FINFISH_SPINYDOG_KEPT,Kept,N/A,FINFISH,Dogfish,SQUALUS SUCKLEYI,044,Legal Size
HORSECLAM,BIVALVES_HORSECLAM_KEPT,BIVALVES_HORSECLAM_KEPT,Kept,N/A,BIVALVES,Horse Clam,TRESUS(HORSE CLAM),76D,Legal Size
NANCHOVY,FINFISH_NANCHOVY_RELE,FINFISH_NANCHOVY_RELE,Released,N/A,FINFISH,Northern Anchovy,ENGRAULIS MORDAX,104,Unspecified
NANCHOVY,FINFISH_NANCHOVY_KEPT,FINFISH_NANCHOVY_KEPT,Kept,N/A,FINFISH,Northern Anchovy,ENGRAULIS MORDAX,104,Legal Size
LIMPET,OTHSHELLFISH_LIMPET_KEPT,OTHSHELLFISH_LIMPET_KEPT,Kept,N/A,OTHSHELLFISH,Limpets,LEPETIDAE(LIMPETS),12F,Legal Size
ALTSAL,FINFISH_ALTSAL_RELE,FINFISH_ALTSAL_RELE,Released,N/A,FINFISH,Atlantic salmon,SALMO SALAR(ATLANTIC SALMON),131,Unspecified
ALTSAL,FINFISH_ALTSAL_KEPT,FINFISH_ALTSAL_KEPT,Kept,N/A,FINFISH,Atlantic salmon,SALMO SALAR(ATLANTIC SALMON),131,Legal Size
BLACK,HALIBUT_ROCKFISH_BLACK_RELE,HALIBUT_ROCKFISH_BLACK_RELE,Released,N/A,ROCKFISH,Black,SEBASTES MELANOPS(BLACK ROCKFISH),426,Unspecified
BLACK,HALIBUT_ROCKFISH_BLACK_KEPT,HALIBUT_ROCKFISH_BLACK_KEPT,Kept,N/A,ROCKFISH,Black,SEBASTES MELANOPS(BLACK ROCKFISH),426,Legal Size
BLACK,ROCKFISH_BLACK_KEPT,ROCKFISH_BLACK_KEPT,Kept,N/A,ROCKFISH,Black,SEBASTES MELANOPS(BLACK ROCKFISH),426,Legal Size
BLACK,ROCKFISH_BLACK_RELE,ROCKFISH_BLACK_RELE,Released,N/A,ROCKFISH,Black,SEBASTES MELANOPS(BLACK ROCKFISH),426,Unspecified
YELLOWEYE,HALIBUT_ROCKFISH_YELLOWEYE_RELE,ALIBUT_ROCKFISH_YELLOWEYE_RELE,Released,N/A,ROCKFISH,Yelloweye,SEBASTES RUBERRIMUS(YELLOWEYE ROCKFISH),442,Unspecified
YELLOWEYE,HALIBUT_ROCKFISH_YELLOWEYE_KEPT,ALIBUT_ROCKFISH_YELLOWEYE_KEPT,Kept,N/A,ROCKFISH,Yelloweye,SEBASTES RUBERRIMUS(YELLOWEYE ROCKFISH),442,Legal Size
YELLOWEYE,ROCKFISH_YELLOWEYE_KEPT,ROCKFISH_YELLOWEYE_KEPT,Kept,N/A,ROCKFISH,Yelloweye,SEBASTES RUBERRIMUS(YELLOWEYE ROCKFISH),442,Legal Size
YELLOWEYE,ROCKFISH_YELLOWEYE_RELE,ROCKFISH_YELLOWEYE_RELE,Released,N/A,ROCKFISH,Yelloweye,SEBASTES RUBERRIMUS(YELLOWEYE ROCKFISH),442,Unspecified
VARNISH,BIVALVES_VARNISH_KEPT,BIVALVES_VARNISH_KEPT,Kept,N/A,BIVALVES,Varnish Clam,NUTTALLIA OBSCURATA(VARNISH CLAM),79I,Legal Size
OTHUNCRAB,PRAWNCRAB_OTHUNCRAB_RELE,PRAWNCRAB_OTHUNCRAB_RELE,Released,N/A,PRAWNCRAB,Other and unknown crabs,CANCER(ROCK CRABS),XKD,Unspecified
OTHUNCRAB,PRAWNCRAB_OTHUNCRAB_KEPT,PRAWNCRAB_OTHUNCRAB_KEPT,Kept,N/A,PRAWNCRAB,Other and unknown crabs,CANCER(ROCK CRABS),XKD,Legal Size
GSHRIMP,PRAWNCRAB_GSHRIMP_RELE,PRAWNCRAB_GSHRIMP_RELE,Released,N/A,PRAWNCRAB,Ghost Shrimp,CALLIANASSA(GHOST SHRIMP),URL,Unspecified
GSHRIMP,PRAWNCRAB_GSHRIMP_KEPT,PRAWNCRAB_GSHRIMP_KEPT,Kept,N/A,PRAWNCRAB,Ghost Shrimp,CALLIANASSA(GHOST SHRIMP),URL,Legal Size
CHUM,SALMON_CHUM_RELE,SALMON_CHUM_RELE,Released,N/A,SALMON,Chum,ONCORHYNCHUS KETA(CHUM SALMON),112,Unspecified
CHUM,SALMON_CHUM_KEPT,SALMON_CHUM_KEPT,Kept,N/A,SALMON,Chum,ONCORHYNCHUS KETA(CHUM SALMON),112,Legal Size
OTHERUNK,OTHSHELLFISH_OTHERUNK_KEPT,OTHSHELLFISH_OTHERUNK_KEPT,Kept,N/A,OTHSHELLFISH,Other and unknown shellfish,CRUSTACEA(CRUSTACEANS),AAA,Legal Size
OTHERUNR,OTHSHELLFISH_OTHERUNK_RELE,OTHSHELLFISH_OTHERUNK_RELE,Released,N/A,OTHSHELLFISH,Other and unknown shellfish,CRUSTACEA(CRUSTACEANS),AAA,Unspecified
COCKLE,BIVALVES_COCKLE_KEPT,BIVALVES_COCKLE_KEPT,Kept,N/A,BIVALVES,Heart Cockle,CLINOCARDIUM NUTTALLII(NUTTALL COCKLE (aka HEART COCKLE)),75C,Legal Size
COD,FINFISH_COD_RELE,FINFISH_COD_RELE,Released,N/A,FINFISH,Pacific cod,GADUS MACROCEPHALUS,222,Unspecified
COD,FINFISH_COD_KEPT,FINFISH_COD_KEPT,Kept,N/A,FINFISH,Pacific cod,GADUS MACROCEPHALUS,222,Legal Size
DOL,FINFISH_DOL_RELE,FINFISH_DOL_RELE,Released,N/A,FINFISH,Dolly Varden (Char),SALVELINUS MALMA(DOLLY VARDEN),134,Unspecified
DOL,FINFISH_DOL_KEPT,FINFISH_DOL_KEPT,Kept,N/A,FINFISH,Dolly Varden (Char),SALVELINUS MALMA(DOLLY VARDEN),134,Legal Size
SMELT,FINFISH_SMELT_RELE,FINFISH_SMELT_RELE,Released,N/A,FINFISH,Surf Smelt,HYPOMESUS PRETIOSUS(SURF SMELT),139,Unspecified
SMELT,FINFISH_SMELT_KEPT,FINFISH_SMELT_KEPT,Kept,N/A,FINFISH,Surf Smelt,HYPOMESUS PRETIOSUS(SURF SMELT),139,Legal Size
BOCACCIO,HALIBUT_ROCKFISH_BOCACCIO_KEPT,HALIBUT_ROCKFISH_BOCACCIO_KEPT,Kept,N/A,ROCKFISH,Bocaccio Rockfish,SEBASTES PAUCISPINIS(BOCACCIO),435,Legal Size
BOCACCIO,HALIBUT_ROCKFISH_BOCACCIO_RELE,HALIBUT_ROCKFISH_BOCACCIO_RELE,Released,N/A,ROCKFISH,Bocaccio Rockfish,SEBASTES PAUCISPINIS(BOCACCIO),435,Unspecified
BOCACCIO,ROCKFISH_BOCACCIO_RELE,ROCKFISH_BOCACCIO_RELE,Released,N/A,ROCKFISH,Bocaccio Rockfish,SEBASTES PAUCISPINIS(BOCACCIO),435,Unspecified
BOCACCIO,ROCKFISH_BOCACCIO_KEPT,ROCKFISH_BOCACCIO_KEPT,Kept,N/A,ROCKFISH,Bocaccio Rockfish,SEBASTES PAUCISPINIS(BOCACCIO),435,Legal Size
LNECK,BIVALVES_LNECK_KEPT,BIVALVES_LNECK_KEPT,Kept,N/A,BIVALVES,Clams (Littleneck),LEUKOMA STAMINEA,81H,Legal Size
OTHSHRIMP,PRAWNCRAB_OTHSHRIMP_RELE,PRAWNCRAB_OTHSHRIMP_RELE,Released,N/A,PRAWNCRAB,Other and unknown shrimp,DENDROBRANCHIATA,SAB,Unspecified
OTHSHRIMP,PRAWNCRAB_OTHSHRIMP_KEPT,PRAWNCRAB_OTHSHRIMP_KEPT,Kept,N/A,PRAWNCRAB,Other and unknown shrimp,DENDROBRANCHIATA,SAB,Legal Size
PINK,SALMON_PINK_RELE,SALMON_PINK_RELE,Released,N/A,SALMON,Pink,ONCORHYNCHUS GORBUSCHA(PINK SALMON),108,Unspecified
PINK,SALMON_PINK_KEPT,SALMON_PINK_KEPT,Kept,N/A,SALMON,Pink,ONCORHYNCHUS GORBUSCHA(PINK SALMON),108,Legal Size
UNKSCALLOP,BIVALVES_UNKSCALLOP_KEPT,BIVALVES_UNKSCALLOP_KEPT,Kept,N/A,BIVALVES,Scallops,PECTINIDAE,67B,Legal Size
TIGER,HALIBUT_ROCKFISH_TIGER_RELE,HALIBUT_ROCKFISH_TIGER_RELE,Released,N/A,ROCKFISH,Tiger,SEBASTES NIGROCINCTUS(TIGER ROCKFISH),433,Unspecified
TIGER,HALIBUT_ROCKFISH_TIGER_KEPT,HALIBUT_ROCKFISH_TIGER_KEPT,Kept,N/A,ROCKFISH,Tiger,SEBASTES NIGROCINCTUS(TIGER ROCKFISH),433,Legal Size
TIGER,ROCKFISH_TIGER_KEPT,ROCKFISH_TIGER_KEPT,Kept,N/A,ROCKFISH,Tiger,SEBASTES NIGROCINCTUS(TIGER ROCKFISH),433,Legal Size
TIGER,ROCKFISH_TIGER_RELE,ROCKFISH_TIGER_RELE,Released,N/A,ROCKFISH,Tiger,SEBASTES NIGROCINCTUS(TIGER ROCKFISH),433,Unspecified
CANARY,HALIBUT_ROCKFISH_CANARY_RELE,HALIBUT_ROCKFISH_CANARY_RELE,Released,N/A,ROCKFISH,Canary,SEBASTES PINNIGER(CANARY ROCKFISH),437,Unspecified
CANARY,HALIBUT_ROCKFISH_CANARY_KEPT,HALIBUT_ROCKFISH_CANARY_KEPT,Kept,N/A,ROCKFISH,Canary,SEBASTES PINNIGER(CANARY ROCKFISH),437,Legal Size
CANARY,ROCKFISH_CANARY_KEPT,ROCKFISH_CANARY_KEPT,Kept,N/A,ROCKFISH,Canary,SEBASTES PINNIGER(CANARY ROCKFISH),437,Legal Size
CANARY,ROCKFISH_CANARY_RELE,ROCKFISH_CANARY_RELE,Released,N/A,ROCKFISH,Canary,SEBASTES PINNIGER(CANARY ROCKFISH),437,Unspecified
SABLEFISH,FINFISH_SABLEFISH_RELE,FINFISH_SABLEFISH_RELE,Released,N/A,FINFISH,Sablefish,ANOPLOPOMA FIMBRIA,455,Unspecified
SABLEFISH,FINFISH_SABLEFISH_KEPT,FINFISH_SABLEFISH_KEPT,Kept,N/A,FINFISH,Sablefish,ANOPLOPOMA FIMBRIA,455,Legal Size
GRNLING,FINFISH_GRNLING_RELE,FINFISH_GRNLING_RELE,Released,N/A,FINFISH,Greenling,HEXAGRAMMIDAE(GREENLINGS),459,Unspecified
GRNLING,FINFISH_GRNLING_KEPT,FINFISH_GRNLING_KEPT,Kept,N/A,FINFISH,Greenling,HEXAGRAMMIDAE(GREENLINGS),459,Legal Size
LINGCOD,HALIBUT_LINGCOD_RELE,HALIBUT_LINGCOD_RELE,Released,N/A,LINGCOD,Lingcod,OPHIODON ELONGATUS(LINGCOD),467,Unspecified
LINGCOD,HALIBUT_LINGCOD_KEPT,HALIBUT_LINGCOD_KEPT,Kept,N/A,LINGCOD,Lingcod,OPHIODON ELONGATUS(LINGCOD),467,Legal Size
SEAURCHIN,OTHSHELLFISH_SEAURCHIN_KEPT,OTHSHELLFISH_SEAURCHIN_KEPT,Kept,N/A,OTHSHELLFISH,Sea Urchin,ECHINACEA,6AB,Legal Size
GEODUCK,BIVALVES_GEODUCK_KEPT,BIVALVES_GEODUCK_KEPT,Kept,N/A,BIVALVES,Geoduck,PANOPEA GENEROSA,84C,Legal Size
SOLE,FINFISH_SOLE_RELE,FINFISH_SOLE_RELE,Released,N/A,FINFISH,all flatfish but halibut,PLEURONECTIFORMES(FLATFISHES),597,Unspecified
SOLE,FINFISH_SOLE_KEPT,FINFISH_SOLE_KEPT,Kept,N/A,FINFISH,all flatfish but halibut,PLEURONECTIFORMES(FLATFISHES),597,Legal Size
UNKCLAM,BIVALVES_UNKCLAM_KEPT,BIVALVES_UNKCLAM_KEPT,Kept,N/A,BIVALVES,Other and unknown clams,BIVALVIA,60A,Legal Size
HALIBUT,HALIBUT_HALIBUT_RELE,HALIBUT_HALIBUT_RELE,Released,N/A,HALIBUT,Halibut,HIPPOGLOSSUS STENOLEPIS(PACIFIC HALIBUT),614,Unspecified
HALIBUT,HALIBUT_HALIBUT_KEPT,HALIBUT_HALIBUT_KEPT,Kept,N/A,HALIBUT,Halibut,HIPPOGLOSSUS STENOLEPIS(PACIFIC HALIBUT),614,Legal Size
PACIFICOYSTER,BIVALVES_PACIFICOYSTER_KEPT,BIVALVES_PACIFICOYSTER_KEPT,Kept,N/A,BIVALVES,Pacific Oyster,CRASSOSTREA GIGAS,69F,Legal Size
BOXCRAB,PRAWNCRAB_BOXCRAB_RELE,PRAWNCRAB_BOXCRAB_RELE,Released,N/A,PRAWNCRAB,Box Crab,LOPHOLITHODES(BOX CRABS),VMH,Unspecified
BOXCRAB,PRAWNCRAB_BOXCRAB_KEPT,PRAWNCRAB_BOXCRAB_KEPT,Kept,N/A,PRAWNCRAB,Box Crab,LOPHOLITHODES(BOX CRABS),VMH,Legal Size
SEACUCUMBER,OTHSHELLFISH_SEACUCUMBER_KEPT,OTHSHELLFISH_SEACUCUMBER_KEPT,Kept,N/A,OTHSHELLFISH,Sea Cucumber,HOLOTHUROIDEA(SEA CUCUMBERS),6NA,Legal Size
TUNA,FINFISH_TUNA_RELE,FINFISH_TUNA_RELE,Released,N/A,FINFISH,Tunas - Not Identified to Species,TUNA,30,Unspecified
TUNA,FINFISH_TUNA_KEPT,FINFISH_TUNA_KEPT,Kept,N/A,FINFISH,Tunas - Not Identified to Species,TUNA,30,Legal Size
TUNA,FINFISH_TUNA_OTHER_KEPT,FINFISH_TUNA_OTHER_KEPT,Kept,N/A,FINFISH,Tunas - Not Identified to Species,TUNA,30,Legal Size
TUNA,FINFISH_TUNA_OTHER_RELE,FINFISH_TUNA_OTHER_RELE,Released,N/A,FINFISH,Tunas - Not Identified to Species,TUNA,30,Unspecified
GIANTBARN,OTHSHELLFISH_GIANTBARN_KEPT,OTHSHELLFISH_GIANTBARN_KEPT,Kept,N/A,OTHSHELLFISH,Giant Barnacle,BALANUS NUBILIS(GIANT BARNACLE),HOE,Legal Size
SKATE,FINFISH_SKATE_RELE,FINFISH_SKATE_RELE,Released,N/A,FINFISH,Skates,RAJIDAE(SKATES),051,Unspecified
SKATE,FINFISH_SKATE_KEPT,FINFISH_SKATE_KEPT,Kept,N/A,FINFISH,Skates,RAJIDAE(SKATES),051,Legal Size
CHINA,HALIBUT_ROCKFISH_CHINA_RELE,HALIBUT_ROCKFISH_CHINA_RELE,Released,N/A,ROCKFISH,China,SEBASTES NEBULOSUS(CHINA ROCKFISH),431,Unspecified
CHINA,HALIBUT_ROCKFISH_CHINA_KEPT,HALIBUT_ROCKFISH_CHINA_KEPT,Kept,N/A,ROCKFISH,China,SEBASTES NEBULOSUS(CHINA ROCKFISH),431,Legal Size
CHINA,ROCKFISH_CHINA_KEPT,ROCKFISH_CHINA_KEPT,Kept,N/A,ROCKFISH,China,SEBASTES NEBULOSUS(CHINA ROCKFISH),431,Legal Size
CHINA,ROCKFISH_CHINA_RELE,ROCKFISH_CHINA_RELE,Released,N/A,ROCKFISH,China,SEBASTES NEBULOSUS(CHINA ROCKFISH),431,Unspecified
PRAWN,PRAWNCRAB_PRAWN_RELE,PRAWNCRAB_PRAWN_RELE,Released,N/A,PRAWNCRAB,Spot Prawns,PANDALUS PLATYCEROS(PRAWN),SDF,Unspecified
PRAWN,PRAWNCRAB_PRAWN_KEPT,PRAWNCRAB_PRAWN_KEPT,Kept,N/A,PRAWNCRAB,Spot Prawns,PANDALUS PLATYCEROS(PRAWN),SDF,Legal Size
GOOSEBARN,OTHSHELLFISH_GOOSEBARN_KEPT,OTHSHELLFISH_GOOSEBARN_KEPT,Kept,N/A,OTHSHELLFISH,Goose Barnacle,POLLICIPES POLYMERUS(GOOSE BARNACLE),HCF,Legal Size
BUTTERCLAM,BIVALVES_BUTTERCLAM_KEPT,BIVALVES_BUTTERCLAM_KEPT,Kept,N/A,BIVALVES,Clams (Butter),SAXIDOMUS GIGANTEA(BUTTER CLAM),82E,Legal Size
SOFTSHELL,BIVALVES_SOFTSHELL_KEPT,BIVALVES_SOFTSHELL_KEPT,Kept,N/A,BIVALVES,Soft Shell Clam,MYA ARENARIA(SOFTSHELL CLAM),83G,Legal Size
VERMILLION,HALIBUT_ROCKFISH_VERMILLION_RELE,LIBUT_ROCKFISH_VERMILLION_RELE,Released,N/A,ROCKFISH,Vermilion,SEBASTES MINIATUS(VERMILION ROCKFISH),428,Unspecified
VERMILLION,HALIBUT_ROCKFISH_VERMILLION_KEPT,LIBUT_ROCKFISH_VERMILLION_KEPT,Kept,N/A,ROCKFISH,Vermilion,SEBASTES MINIATUS(VERMILION ROCKFISH),428,Legal Size
VERMILLION,ROCKFISH_VERMILLION_KEPT,ROCKFISH_VERMILLION_KEPT,Kept,N/A,ROCKFISH,Vermilion,SEBASTES MINIATUS(VERMILION ROCKFISH),428,Legal Size
VERMILLION,ROCKFISH_VERMILLION_RELE,ROCKFISH_VERMILLION_RELE,Released,N/A,ROCKFISH,Vermilion,SEBASTES MINIATUS(VERMILION ROCKFISH),428,Unspecified
OCTOPUS,OTHSHELLFISH_OCTOPUS_KEPT,OTHSHELLFISH_OCTOPUS_KEPT,Kept,N/A,OTHSHELLFISH,Octopus,OCTOPODA(OCTOPUS),97A,Legal Size
OCTOPUS,OTHSHELLFISH_OCTOPUS_RELE,OTHSHELLFISH_OCTOPUS_RELE,Released,N/A,OTHSHELLFISH,Octopus,OCTOPODA(OCTOPUS),97A,Unspecified
AKINGCRAB,PRAWNCRAB_AKINGCRAB_RELE,PRAWNCRAB_AKINGCRAB_RELE,Released,N/A,PRAWNCRAB,Alaska King Crab,PARALITHODES(ALASKAN KING CRABS),VNF,Unspecified
AKINGCRAB,PRAWNCRAB_AKINGCRAB_KEPT,PRAWNCRAB_AKINGCRAB_KEPT,Kept,N/A,PRAWNCRAB,Alaska King Crab,PARALITHODES(ALASKAN KING CRABS),VNF,Legal Size
CTT,FINFISH_CTT_RELE,FINFISH_CTT_RELE,Released,N/A,FINFISH,Cutthroat Trout,ONCORHYNCHUS CLARKII(CUTTHROAT TROUT),126,Unspecified
CTT,FINFISH_CTT_KEPT,FINFISH_CTT_KEPT,Kept,N/A,FINFISH,Cutthroat Trout,ONCORHYNCHUS CLARKII(CUTTHROAT TROUT),126,Legal Size
CHINOOK,SALMON_CHINOOK_SUBL_RELE,SALMON_CHINOOK_SUBL_RELE,Released,N/A,SALMON,Chinook,ONCORHYNCHUS TSHAWYTSCHA(CHINOOK SALMON),124,Sublegal Size
CHINOOK,SALMON_CHINOOK_UNK_RELE,SALMON_CHINOOK_UNK_RELE,Released,N/A,SALMON,Chinook,ONCORHYNCHUS TSHAWYTSCHA(CHINOOK SALMON),124,Legal Size (All or Lower)
CHINOOK,SALMON_CHINOOK_UNK_KEPT,SALMON_CHINOOK_UNK_KEPT,Kept,N/A,SALMON,Chinook,ONCORHYNCHUS TSHAWYTSCHA(CHINOOK SALMON),124,Legal Size (All or Lower)
CHINOOK,SALMON_CHINOOK_WILD_RELE,SALMON_CHINOOK_WILD_RELE,Released,Unmarked,SALMON,Chinook,ONCORHYNCHUS TSHAWYTSCHA(CHINOOK SALMON),124,Legal Size (All or Lower)
CHINOOK,SALMON_CHINOOK_WILD_KEPT,SALMON_CHINOOK_WILD_KEPT,Kept,Unmarked,SALMON,Chinook,ONCORHYNCHUS TSHAWYTSCHA(CHINOOK SALMON),124,Legal Size (All or Lower)
CHINOOK,SALMON_CHINOOK_HATCH_RELE,SALMON_CHINOOK_HATCH_RELE,Released,Marked,SALMON,Chinook,ONCORHYNCHUS TSHAWYTSCHA(CHINOOK SALMON),124,Legal Size (All or Lower)
CHINOOK,SALMON_CHINOOK_HATCH_KEPT,SALMON_CHINOOK_HATCH_KEPT,Kept,Marked,SALMON,Chinook,ONCORHYNCHUS TSHAWYTSCHA(CHINOOK SALMON),124,Legal Size (All or Lower)
CHINOOK,SALMON_CHINOOK_US_HATCHERY_KEPT,ALMON_CHINOOK_US_HATCHERY_KEPT,Kept,Marked,SALMON,Chinook,ONCORHYNCHUS TSHAWYTSCHA(CHINOOK SALMON),124,Legal Size (Upper)
CHINOOK,SALMON_CHINOOK_US_HATCHERY_RELE,ALMON_CHINOOK_US_HATCHERY_RELE,Released,Marked,SALMON,Chinook,ONCORHYNCHUS TSHAWYTSCHA(CHINOOK SALMON),124,Legal Size (Upper)
CHINOOK,SALMON_CHINOOK_US_WILD_KEPT,SALMON_CHINOOK_US_WILD_KEPT,Kept,Unmarked,SALMON,Chinook,ONCORHYNCHUS TSHAWYTSCHA(CHINOOK SALMON),124,Legal Size (Upper)
CHINOOK,SALMON_CHINOOK_US_WILD_RELE,SALMON_CHINOOK_US_WILD_RELE,Released,Unmarked,SALMON,Chinook,ONCORHYNCHUS TSHAWYTSCHA(CHINOOK SALMON),124,Legal Size (Upper)
CHINOOK,SALMON_CHINOOK_US_UNKOWN_KEPT,SALMON_CHINOOK_US_UNKOWN_KEPT,Kept,N/A,SALMON,Chinook,ONCORHYNCHUS TSHAWYTSCHA(CHINOOK SALMON),124,Legal Size (Upper)
CHINOOK,SALMON_CHINOOK_US_UNKOWN_RELE,SALMON_CHINOOK_US_UNKOWN_RELE,Released,N/A,SALMON,Chinook,ONCORHYNCHUS TSHAWYTSCHA(CHINOOK SALMON),124,Legal Size (Upper)
CHINOOK,SALMON_CHINOOK_ALL_KEPT,SALMON_CHINOOK_ALL_KEPT,Kept,N/A,SALMON,Chinook,ONCORHYNCHUS TSHAWYTSCHA(CHINOOK SALMON),124,Legal Size (All or Lower)
CHINOOK,SALMON_CHINOOK_ALL_RELEASED,SALMON_CHINOOK_ALL_RELEASED,Released,N/A,SALMON,Chinook,ONCORHYNCHUS TSHAWYTSCHA(CHINOOK SALMON),124,Legal Size (All or Lower)
OTH,FINFISH_OTH_RELE,FINFISH_OTH_RELE,Released,N/A,FINFISH,Other and unknown finfish,ACTINOPTERYGII(RAY FINNED FISHES),011,Unspecified
OTH,FINFISH_OTH_KEPT,FINFISH_OTH_KEPT,Kept,N/A,FINFISH,Other and unknown finfish,ACTINOPTERYGII(RAY FINNED FISHES),011,Legal Size
HERRING,FINFISH_HERRING_RELE,FINFISH_HERRING_RELE,Released,N/A,FINFISH,Herring,CLUPEA PALLASII,096,Unspecified
HERRING,FINFISH_HERRING_KEPT,FINFISH_HERRING_KEPT,Kept,N/A,FINFISH,Herring,CLUPEA PALLASII,096,Legal Size
PACSARDINE,FINFISH_PACSARDINE_KEPT,FINFISH_PACSARDINE_KEPT,Kept,N/A,FINFISH,Pacific Sardine,SARDINOPS SAGAX(PACIFIC SARDINE),100,Legal Size
PACSARDINE,FINFISH_PACSARDINE_RELE,FINFISH_PACSARDINE_RELE,Released,N/A,FINFISH,Pacific Sardine,SARDINOPS SAGAX(PACIFIC SARDINE),100,Unspecified
UNKNOWN,SALMON_UNKNOWN_RELE,SALMON_UNKNOWN_RELE,Released,N/A,SALMON,Unknown Salmonid,ONCORHYNCHUS(PACIFIC SALMON AND NATIVE TROUT),107,Unspecified
UNKNOWN,SALMON_UNKNOWN_KEPT,SALMON_UNKNOWN_KEPT,Kept,N/A,SALMON,Unknown Salmonid,ONCORHYNCHUS(PACIFIC SALMON AND NATIVE TROUT),107,Legal Size
UNKNOWN,SALMON_ALL_UNDER_RELE,SALMON_ALL_UNDER_RELE,Released,N/A,SALMON,Unknown Salmonid,ONCORHYNCHUS(PACIFIC SALMON AND NATIVE TROUT),107,Under 30cm
STURGEON,FINFISH_STURGEON_RELE,FINFISH_STURGEON_RELE,Released,N/A,FINFISH,Sturgeon,ACIPENSERIDAE,081,Unspecified
COPPER,HALIBUT_ROCKFISH_COPPER_RELE,HALIBUT_ROCKFISH_COPPER_RELE,Released,N/A,ROCKFISH,Copper,SEBASTES CAURINUS(COPPER ROCKFISH),407,Unspecified
COPPER,HALIBUT_ROCKFISH_COPPER_KEPT,HALIBUT_ROCKFISH_COPPER_KEPT,Kept,N/A,ROCKFISH,Copper,SEBASTES CAURINUS(COPPER ROCKFISH),407,Legal Size
COPPER,ROCKFISH_COPPER_KEPT,ROCKFISH_COPPER_KEPT,Kept,N/A,ROCKFISH,Copper,SEBASTES CAURINUS(COPPER ROCKFISH),407,Legal Size
COPPER,ROCKFISH_COPPER_RELE,ROCKFISH_COPPER_RELE,Released,N/A,ROCKFISH,Copper,SEBASTES CAURINUS(COPPER ROCKFISH),407,Unspecified
QUILLBACK,HALIBUT_ROCKFISH_QUILLBACK_RELE,ALIBUT_ROCKFISH_QUILLBACK_RELE,Released,N/A,ROCKFISH,Quillback,SEBASTES MALIGER(QUILLBACK ROCKFISH),424,Unspecified
QUILLBACK,HALIBUT_ROCKFISH_QUILLBACK_KEPT,ALIBUT_ROCKFISH_QUILLBACK_KEPT,Kept,N/A,ROCKFISH,Quillback,SEBASTES MALIGER(QUILLBACK ROCKFISH),424,Legal Size
QUILLBACK,ROCKFISH_QUILLBACK_KEPT,ROCKFISH_QUILLBACK_KEPT,Kept,N/A,ROCKFISH,Quillback,SEBASTES MALIGER(QUILLBACK ROCKFISH),424,Legal Size
QUILLBACK,ROCKFISH_QUILLBACK_RELE,ROCKFISH_QUILLBACK_RELE,Released,N/A,ROCKFISH,Quillback,SEBASTES MALIGER(QUILLBACK ROCKFISH),424,Unspecified
RAZORCLAM,BIVALVES_RAZORCLAM_KEPT,BIVALVES_RAZORCLAM_KEPT,Kept,N/A,BIVALVES,Pacific Razor Clam,SILIQUA PATULA,76I,Legal Size
PERCH,FINFISH_PERCH_RELE,FINFISH_PERCH_RELE,Released,N/A,FINFISH,Perches,PERCIDAE(PERCHES),782,Unspecified
PERCH,FINFISH_PERCH_KEPT,FINFISH_PERCH_KEPT,Kept,N/A,FINFISH,Perches,PERCIDAE(PERCHES),782,Legal Size
YELLOWTAIL,HALIBUT_ROCKFISH_YELLOWTAIL_RELE,LIBUT_ROCKFISH_YELLOWTAIL_RELE,Released,N/A,ROCKFISH,Yellowtail,SEBASTES FLAVIDUS(YELLOWTAIL ROCKFISH),418,Unspecified
YELLOWTAIL,HALIBUT_ROCKFISH_YELLOWTAIL_KEPT,LIBUT_ROCKFISH_YELLOWTAIL_KEPT,Kept,N/A,ROCKFISH,Yellowtail,SEBASTES FLAVIDUS(YELLOWTAIL ROCKFISH),418,Legal Size
YELLOWTAIL,ROCKFISH_YELLOWTAIL_KEPT,ROCKFISH_YELLOWTAIL_KEPT,Kept,N/A,ROCKFISH,Yellowtail,SEBASTES FLAVIDUS(YELLOWTAIL ROCKFISH),418,Legal Size
YELLOWTAIL,ROCKFISH_YELLOWTAIL_RELE,ROCKFISH_YELLOWTAIL_RELE,Released,N/A,ROCKFISH,Yellowtail,SEBASTES FLAVIDUS(YELLOWTAIL ROCKFISH),418,Unspecified
PACSANDLANCE,FINFISH_PACSANDLANCE_RELE,FINFISH_PACSANDLANCE_RELE,Released,N/A,FINFISH,Pacific Sand Lance,AMMODYTES PERSONATUS,361,Unspecified
PACSANDLANCE,FINFISH_PACSANDLANCE_KEPT,FINFISH_PACSANDLANCE_KEPT,Kept,N/A,FINFISH,Pacific Sand Lance,AMMODYTES PERSONATUS,361,Legal Size
ROCKSCALLOP,BIVALVES_ROCKSCALLOP_KEPT,BIVALVES_ROCKSCALLOP_KEPT,Kept,N/A,BIVALVES,Giant Rock Scallop,CRASSADOMA GIGANTEA,67J,Legal Size
SQUID,FINFISH_SQUID_RELE,FINFISH_SQUID_RELE,Released,N/A,OTHSHELLFISH,Squid,TEUTHIDA(SQUIDS),92A,Unspecified
SQUID,FINFISH_SQUID_KEPT,FINFISH_SQUID_KEPT,Kept,N/A,OTHSHELLFISH,Squid,TEUTHIDA(SQUIDS),92A,Legal Size
BLUEFIN,FINFISH_BLUEFIN_TUNA_KEPT,FINFISH_BLUEFIN_TUNA_KEPT,Kept,N/A,FINFISH,Bluefin Tuna,THUNNUS ORIENTALIS(PACIFIC BLUEFIN TUNA),379,Legal Size
BLUEFIN,FINFISH_BLUEFIN_TUNA_RELE,FINFISH_BLUEFIN_TUNA_RELE,Released,N/A,FINFISH,Bluefin Tuna,THUNNUS ORIENTALIS(PACIFIC BLUEFIN TUNA),379,Unspecified
SEASTAR,OTHSHELLFISH_SEASTAR_KEPT,OTHSHELLFISH_SEASTAR_KEPT,Kept,N/A,OTHSHELLFISH,Sea Star,ASTEROIDEA,4GA,Legal Size
SHARKS,FINFISH_SALMON_SHARK_KEPT,FINFISH_SALMON_SHARK_KEPT,Kept,N/A,FINFISH,Salmon Shark,LAMNA DITROPIS(SALMON SHARK),036,Legal Size
SHARKS,FINFISH_SALMON_SHARK_RELE,FINFISH_SALMON_SHARK_RELE,Released,N/A,FINFISH,Salmon Shark,LAMNA DITROPIS(SALMON SHARK),036,Unspecified
WOLF,FINFISH_WOLF_RELE,FINFISH_WOLF_RELE,Released,N/A,FINFISH,Wolf Eel,ANARRHICHTHYS OCELLATUS(WOLF EEL),351,Unspecified
MAC,FINFISH_MAC_RELE,FINFISH_MAC_RELE,Released,N/A,FINFISH,Chub Mackerel,SCOMBER JAPONICUS(CHUB MACKEREL),374,Unspecified
MAC,FINFISH_MAC_KEPT,FINFISH_MAC_KEPT,Kept,N/A,FINFISH,Chub Mackerel,SCOMBER JAPONICUS(CHUB MACKEREL),374,Legal Size
ALBACORE,FINFISH_ALBACORE_TUNA_KEPT,FINFISH_ALBACORE_TUNA_KEPT,Kept,N/A,FINFISH,Albacore Tuna,THUNNUS ALALUNGA(ALBACORE),376,Legal Size
ALBACORE,FINFISH_ALBACORE_TUNA_RELE,FINFISH_ALBACORE_TUNA_RELE,Released,N/A,FINFISH,Albacore Tuna,THUNNUS ALALUNGA(ALBACORE),376,Unspecified
CALIMUSSEL,BIVALVES_CALIMUSSEL_KEPT,BIVALVES_CALIMUSSEL_KEPT,Kept,N/A,BIVALVES,California Mussel,MYTILUS CALIFORNIANUS(CALIFORNIA MUSSEL (aka SEA MUSSEL)),65I,Legal Size
MANILA,BIVALVES_MANILA_KEPT,BIVALVES_MANILA_KEPT,Kept,N/A,BIVALVES,Clams (Manila),VENERUPIS PHILIPPINARUM(MANILA CLAM),82B,Legal Size
HUMPSHRIMP,PRAWNCRAB_HUMPSHRIMP_RELE,PRAWNCRAB_HUMPSHRIMP_RELE,Released,N/A,PRAWNCRAB,Humpback Shrimp,PANDALUS HYPSINOTUS(HUMPBACK SHRIMP),SCJ,Unspecified
HUMPSHRIMP,PRAWNCRAB_HUMPSHRIMP_KEPT,PRAWNCRAB_HUMPSHRIMP_KEPT,Kept,N/A,PRAWNCRAB,Humpback Shrimp,PANDALUS HYPSINOTUS(HUMPBACK SHRIMP),SCJ,Legal Size
SANDDOLLAR,OTHSHELLFISH_SANDDOLLAR_KEPT,OTHSHELLFISH_SANDDOLLAR_KEPT,Kept,N/A,OTHSHELLFISH,Pacific Sand Dollar,DENDRASTER EXCENTRICUS,6CD,Legal Size
SCULPIN,FINFISH_SCULPIN_RELE,FINFISH_SCULPIN_RELE,Released,N/A,FINFISH,Sculpins,UNIDENTIFIED SCULPIN,486,Unspecified
SCULPIN,FINFISH_SCULPIN_KEPT,FINFISH_SCULPIN_KEPT,Kept,N/A,FINFISH,Sculpins,UNIDENTIFIED SCULPIN,486,Legal Size
ANGLER_DAY,juveniles,JUVENILES,N/A,N/A,EFFORT,Fisher Days (juvenile),NA,NA,N/A
ANGLER_DAY,effort_days,EFFORT_DAYS,N/A,N/A,EFFORT,Fisher Days (adult),NA,NA,N/A
ANGLER_DAY,EFFORT_DAYSX,EFFORT_DAYSX,N/A,N/A,EFFORT,Fisher Days (adult),NA,NA,N/A
ANGLER_DAY,effort.days,EFFORT.DAYS,N/A,N/A,EFFORT,Fisher Days (adult),NA,NA,N/A
ANGLER_DAY,JUV_EFFORT_DAYS,JUV_EFFORT_DAYS,N/A,N/A,EFFORT,Fisher Days (juvenile),NA,NA,N/A
CheckSalmon,CheckSalmon,CHECKSALMON,NA,NA,NA,CheckSalmon * (No Hart Code),NA,NA,NA
Crab_CentreOfFishing_Longitude,Crab_CentreOfFishing_Longitude,CRAB_CENTREOFFISHING_LONGITUDE,NA,NA,NA,Crab_CentreOfFishing_Longitude * (No Hart Code),NA,NA,NA
Prawn_CentreOfFishing_Latitude,Prawn_CentreOfFishing_Latitude,PRAWN_CENTREOFFISHING_LATITUDE,NA,NA,NA,Prawn_CentreOfFishing_Latitude * (No Hart Code),NA,NA,NA
Prawn_CentreOfFishing_Longitude,Prawn_CentreOfFishing_Longitude,RAWN_CENTREOFFISHING_LONGITUDE,NA,NA,NA,Prawn_CentreOfFishing_Longitude * (No Hart Code),NA,NA,NA
HalibutLength.1,HalibutLength.1,HALIBUTLENGTH.1,NA,NA,NA,HalibutLength.1 * (No Hart Code),NA,NA,NA
HalibutLength.2,HalibutLength.2,HALIBUTLENGTH.2,NA,NA,NA,HalibutLength.2 * (No Hart Code),NA,NA,NA
HalibutLength.3,HalibutLength.3,HALIBUTLENGTH.3,NA,NA,NA,HalibutLength.3 * (No Hart Code),NA,NA,NA
HalibutLength.4,HalibutLength.4,HALIBUTLENGTH.4,NA,NA,NA,HalibutLength.4 * (No Hart Code),NA,NA,NA
HalibutLength.5,HalibutLength.5,HALIBUTLENGTH.5,NA,NA,NA,HalibutLength.5 * (No Hart Code),NA,NA,NA
HalibutLength.6,HalibutLength.6,HALIBUTLENGTH.6,NA,NA,NA,HalibutLength.6 * (No Hart Code),NA,NA,NA
HalibutLength.7,HalibutLength.7,HALIBUTLENGTH.7,NA,NA,NA,HalibutLength.7 * (No Hart Code),NA,NA,NA
HalibutLength.8,HalibutLength.8,HALIBUTLENGTH.8,NA,NA,NA,HalibutLength.8 * (No Hart Code),NA,NA,NA
Crab_CentreOfFishing_Latitude,Crab_CentreOfFishing_Latitude,CRAB_CENTREOFFISHING_LATITUDE,NA,NA,NA,Crab_CentreOfFishing_Latitude * (No Hart Code),NA,NA,NA
