COLUMN_NAME,DISPOSITION,SPP_GROUP
FINFISH_HERRING_RELE,Released,FINFISH
FINFISH_HERRING_KEPT,Kept,FINFISH
SALMON_PINK_RELE,Released,SALMON
SALMON_PINK_KEPT,Kept,SALMON
SALMON_CHUM_RELE,Released,SALMON
SALMON_CHUM_KEPT,Kept,SALMON
SALMON_COHO_UNK_RELE,Released,SALMON
SALMON_COHO_UNK_KEPT,Kept,SALMON
SALMON_COHO_WILD_RELE,Released,SALMON
SALMON_COHO_WILD_KEPT,Kept,SALMON
SALMON_COHO_HATCH_RELE,Released,SALMON
SALMON_COHO_HATCH_KEPT,Kept,SALMON
SALMON_SOCKEYE_RELE,Released,SALMON
SALMON_SOCKEYE_KEPT,Kept,SALMON
SALMON_CHINOOK_SUBL_RELE,Released,SALMON
SALMON_CHINOOK_UNK_RELE,Released,SALMON
SALMON_CHINOOK_UNK_KEPT,Kept,SALMON
SALMON_CHINOOK_WILD_RELE,Released,SALMON
SALMON_CHINOOK_WILD_KEPT,Kept,SALMON
SALMON_CHINOOK_HATCH_RELE,Released,SALMON
SALMON_CHINOOK_HATCH_KEPT,Kept,SALMON
HALIBUT_ROCKFISH_OTHER_RELE,Released,ROCKFISH
HALIBUT_ROCKFISH_OTHER_KEPT,Kept,ROCKFISH
HALIBUT_ROCKFISH_COPPER_RELE,Released,ROCKFISH
HALIBUT_ROCKFISH_COPPER_KEPT,Kept,ROCKFISH
HALIBUT_ROCKFISH_QUILLBACK_RELE,Released,ROCKFISH
HALIBUT_ROCKFISH_QUILLBACK_KEPT,Kept,ROCKFISH
HALIBUT_ROCKFISH_BLACK_RELE,Released,ROCKFISH
HALIBUT_ROCKFISH_BLACK_KEPT,Kept,ROCKFISH
HALIBUT_ROCKFISH_VERMILLION_RELE,Released,ROCKFISH
HALIBUT_ROCKFISH_VERMILLION_KEPT,Kept,ROCKFISH
HALIBUT_ROCKFISH_CHINA_RELE,Released,ROCKFISH
HALIBUT_ROCKFISH_CHINA_KEPT,Kept,ROCKFISH
HALIBUT_ROCKFISH_TIGER_RELE,Released,ROCKFISH
HALIBUT_ROCKFISH_TIGER_KEPT,Kept,ROCKFISH
HALIBUT_ROCKFISH_CANARY_RELE,Released,ROCKFISH
HALIBUT_ROCKFISH_CANARY_KEPT,Kept,ROCKFISH
FINFISH_SABLEFISH_RELE,Released,FINFISH
FINFISH_SABLEFISH_KEPT,Kept,FINFISH
HALIBUT_LINGCOD_RELE,Released,LINGCOD
HALIBUT_LINGCOD_KEPT,Kept,LINGCOD
HALIBUT_HALIBUT_RELE,Released,HALIBUT
HALIBUT_HALIBUT_KEPT,Kept,HALIBUT
FINFISH_SQUID_RELE,Released,OTHSHELLFISH
FINFISH_SQUID_KEPT,Kept,OTHSHELLFISH
OTHSHELLFISH_OCTOPUS_KEPT,Kept,OTHSHELLFISH
FINFISH_STURGEON_RELE,Released,FINFISH
FINFISH_EULACHON_RELE,Released,FINFISH
FINFISH_EULACHON_KEPT,Kept,FINFISH
OTHSHELLFISH_SANDDOLLAR_KEPT,Kept,OTHSHELLFISH
BIVALVES_MANILA_KEPT,Kept,BIVALVES
OTHSHELLFISH_LIMPET_KEPT,Kept,OTHSHELLFISH
OTHSHELLFISH_GOOSEBARN_KEPT,Kept,OTHSHELLFISH
BIVALVES_LNECK_KEPT,Kept,BIVALVES
OTHSHELLFISH_SEAURCHIN_KEPT,Kept,OTHSHELLFISH
BIVALVES_BUTTERCLAM_KEPT,Kept,BIVALVES
BIVALVES_GEODUCK_KEPT,Kept,BIVALVES
FINFISH_CTT_RELE,Released,FINFISH
FINFISH_CTT_KEPT,Kept,FINFISH
BIVALVES_PACIFICOYSTER_KEPT,Kept,BIVALVES
FINFISH_ALTSAL_RELE,Released,FINFISH
FINFISH_ALTSAL_KEPT,Kept,FINFISH
OTHSHELLFISH_SEACUCUMBER_KEPT,Kept,OTHSHELLFISH
OTHSHELLFISH_MOONSNAIL_KEPT,Kept,OTHSHELLFISH
FINFISH_TUNA_RELE,Released,FINFISH
FINFISH_TUNA_KEPT,Kept,FINFISH
BIVALVES_SOFTSHELL_KEPT,Kept,BIVALVES
juveniles,N/A,EFFORT
effort_days,N/A,EFFORT
BIVALVES_CALIMUSSEL_KEPT,Kept,BIVALVES
PRAWNCRAB_REDRCRAB_RELE,Released,PRAWNCRAB
PRAWNCRAB_REDRCRAB_KEPT,Kept,PRAWNCRAB
FINFISH_GRNLING_RELE,Released,FINFISH
FINFISH_GRNLING_KEPT,Kept,FINFISH
PRAWNCRAB_DUNCRABSUBLEG_RELE,Released,PRAWNCRAB
FINFISH_SMELT_RELE,Released,FINFISH
FINFISH_SMELT_KEPT,Kept,FINFISH
FINFISH_SKATE_RELE,Released,FINFISH
FINFISH_SKATE_KEPT,Kept,FINFISH
OTHSHELLFISH_SEASTAR_KEPT,Kept,OTHSHELLFISH
PRAWNCRAB_COONSHRIMP_RELE,Released,PRAWNCRAB
PRAWNCRAB_COONSHRIMP_KEPT,Kept,PRAWNCRAB
PRAWNCRAB_SHORECRAB_RELE,Released,PRAWNCRAB
PRAWNCRAB_SHORECRAB_KEPT,Kept,PRAWNCRAB
BIVALVES_HORSECLAM_KEPT,Kept,BIVALVES
BIVALVES_RAZORCLAM_KEPT,Kept,BIVALVES
BIVALVES_ROCKSCALLOP_KEPT,Kept,BIVALVES
FINFISH_MAC_RELE,Released,FINFISH
FINFISH_MAC_KEPT,Kept,FINFISH
BIVALVES_UNKCLAM_KEPT,Kept,BIVALVES
OTHSHELLFISH_GIANTBARN_KEPT,Kept,OTHSHELLFISH
BIVALVES_PINKSCALLOP_KEPT,Kept,BIVALVES
FINFISH_NANCHOVY_RELE,Released,FINFISH
FINFISH_NANCHOVY_KEPT,Kept,FINFISH
FINFISH_DOL_RELE,Released,FINFISH
FINFISH_DOL_KEPT,Kept,FINFISH
HALIBUT_ROCKFISH_YELLOWTAIL_RELE,Released,ROCKFISH
HALIBUT_ROCKFISH_YELLOWTAIL_KEPT,Kept,ROCKFISH
BIVALVES_WEATHERVANE_KEPT,Kept,BIVALVES
BIVALVES_VARNISH_KEPT,Kept,BIVALVES
BIVALVES_UNKSCALLOP_KEPT,Kept,BIVALVES
FINFISH_SCULPIN_RELE,Released,FINFISH
FINFISH_SCULPIN_KEPT,Kept,FINFISH
BIVALVES_COCKLE_KEPT,Kept,BIVALVES
PRAWNCRAB_BOXCRAB_RELE,Released,PRAWNCRAB
PRAWNCRAB_BOXCRAB_KEPT,Kept,PRAWNCRAB
FINFISH_OTH_RELE,Released,FINFISH
FINFISH_OTH_KEPT,Kept,FINFISH
FINFISH_SOLE_RELE,Released,FINFISH
FINFISH_SOLE_KEPT,Kept,FINFISH
FINFISH_SPINYDOG_RELE,Released,FINFISH
FINFISH_SPINYDOG_KEPT,Kept,FINFISH
FINFISH_PACSANDLANCE_RELE,Released,FINFISH
FINFISH_PACSANDLANCE_KEPT,Kept,FINFISH
PRAWNCRAB_DUNCRABLEGAL_RELE,Released,PRAWNCRAB
PRAWNCRAB_DUNCRABLEGAL_KEPT,Kept,PRAWNCRAB
HALIBUT_ROCKFISH_YELLOWEYE_RELE,Released,ROCKFISH
HALIBUT_ROCKFISH_YELLOWEYE_KEPT,Kept,ROCKFISH
PRAWNCRAB_PRAWN_RELE,Released,PRAWNCRAB
PRAWNCRAB_PRAWN_KEPT,Kept,PRAWNCRAB
FINFISH_PERCH_RELE,Released,FINFISH
FINFISH_PERCH_KEPT,Kept,FINFISH
PRAWNCRAB_OTHUNCRAB_RELE,Released,PRAWNCRAB
PRAWNCRAB_OTHUNCRAB_KEPT,Kept,PRAWNCRAB
OTHSHELLFISH_OTHERUNK_KEPT,Kept,OTHSHELLFISH
FINFISH_STEEL_RELE,Released,FINFISH
FINFISH_STEEL_KEPT,Kept,FINFISH
SALMON_UNKNOWN_RELE,Released,SALMON
SALMON_UNKNOWN_KEPT,Kept,SALMON
BIVALVES_BLUEMUSSEL_KEPT,Kept,BIVALVES
FINFISH_SHARKS_RELE,Released,FINFISH
FINFISH_SHARKS_KEPT,Kept,FINFISH
PRAWNCRAB_GSHRIMP_RELE,Released,PRAWNCRAB
PRAWNCRAB_GSHRIMP_KEPT,Kept,PRAWNCRAB
FINFISH_OTHER_SHARKS_RELE,Released,FINFISH
FINFISH_SALMON_SHARK_KEPT,Kept,FINFISH
FINFISH_SALMON_SHARK_RELE,Released,FINFISH
SALMON_CHINOOK_US_HATCHERY_KEPT,Kept,SALMON
SALMON_CHINOOK_US_HATCHERY_RELE,Released,SALMON
SALMON_CHINOOK_US_WILD_KEPT,Kept,SALMON
PRAWNCRAB_AKINGCRAB_RELE,Released,PRAWNCRAB
SALMON_CHINOOK_US_WILD_RELE,Released,SALMON
SALMON_CHINOOK_US_UNKOWN_KEPT,Kept,SALMON
SALMON_CHINOOK_US_UNKOWN_RELE,Released,SALMON
PRAWNCRAB_AKINGCRAB_KEPT,Kept,PRAWNCRAB
FINFISH_WOLF_RELE,Released,FINFISH
PRAWNCRAB_HUMPSHRIMP_RELE,Released,PRAWNCRAB
PRAWNCRAB_HUMPSHRIMP_KEPT,Kept,PRAWNCRAB
FINFISH_COD_RELE,Released,FINFISH
FINFISH_COD_KEPT,Kept,FINFISH
PRAWNCRAB_OTHSHRIMP_RELE,Released,PRAWNCRAB
PRAWNCRAB_OTHSHRIMP_KEPT,Kept,PRAWNCRAB
HALIBUT_ROCKFISH_BOCACCIO_KEPT,Kept,ROCKFISH
HALIBUT_ROCKFISH_BOCACCIO_RELE,Released,ROCKFISH
FINFISH_PACSARDINE_KEPT,Kept,FINFISH
FINFISH_PACSARDINE_RELE,Released,FINFISH
EFFORT_DAYSX,N/A,EFFORT
ROCKFISH_BLACK_KEPT,Kept,ROCKFISH
ROCKFISH_BLACK_RELE,Released,ROCKFISH
ROCKFISH_CANARY_KEPT,Kept,ROCKFISH
ROCKFISH_CANARY_RELE,Released,ROCKFISH
ROCKFISH_CHINA_KEPT,Kept,ROCKFISH
ROCKFISH_CHINA_RELE,Released,ROCKFISH
ROCKFISH_COPPER_KEPT,Kept,ROCKFISH
ROCKFISH_COPPER_RELE,Released,ROCKFISH
ROCKFISH_QUILLBACK_KEPT,Kept,ROCKFISH
ROCKFISH_QUILLBACK_RELE,Released,ROCKFISH
ROCKFISH_TIGER_KEPT,Kept,ROCKFISH
ROCKFISH_TIGER_RELE,Released,ROCKFISH
ROCKFISH_VERMILLION_KEPT,Kept,ROCKFISH
ROCKFISH_VERMILLION_RELE,Released,ROCKFISH
ROCKFISH_YELLOWEYE_KEPT,Kept,ROCKFISH
ROCKFISH_YELLOWEYE_RELE,Released,ROCKFISH
ROCKFISH_YELLOWTAIL_KEPT,Kept,ROCKFISH
ROCKFISH_YELLOWTAIL_RELE,Released,ROCKFISH
ROCKFISH_OTHER_KEPT,Kept,ROCKFISH
ROCKFISH_OTHER_RELE,Released,ROCKFISH
ROCKFISH_BOCACCIO_RELE,Released,ROCKFISH
ROCKFISH_BOCACCIO_KEPT,Kept,ROCKFISH
SALMON_CHINOOK_ALL_KEPT,Kept,SALMON
SALMON_CHINOOK_ALL_RELEASED,Released,SALMON
OTHSHELLFISH_OTHERUNK_RELE,Released,OTHSHELLFISH
effort.days,N/A,EFFORT
OTHSHELLFISH_OCTOPUS_RELE,Released,OTHSHELLFISH
JUV_EFFORT_DAYS,N/A,EFFORT
CheckSalmon,NA,NA
FINFISH_ALBACORE_TUNA_KEPT,Kept,FINFISH
FINFISH_ALBACORE_TUNA_RELE,Released,FINFISH
FINFISH_TUNA_OTHER_KEPT,Kept,FINFISH
FINFISH_TUNA_OTHER_RELE,Released,FINFISH
FINFISH_BLUEFIN_TUNA_KEPT,Kept,FINFISH
FINFISH_BLUEFIN_TUNA_RELE,Released,FINFISH
SALMON_ALL_UNDER_RELE,Released,SALMON
Crab_CentreOfFishing_Longitude,NA,NA
Prawn_CentreOfFishing_Latitude,NA,NA
Prawn_CentreOfFishing_Longitude,NA,NA
HalibutLength.1,NA,NA
HalibutLength.2,NA,NA
HalibutLength.3,NA,NA
HalibutLength.4,NA,NA
HalibutLength.5,NA,NA
HalibutLength.6,NA,NA
HalibutLength.7,NA,NA
HalibutLength.8,NA,NA
Crab_CentreOfFishing_Latitude,NA,NA
