"METHOD_ID","TEXT","ALTTEXT","GEAR","GROUP","KREST_CDE"
9,"angleboat","Angling from boat","JHO","Boat","Angling from boat"
10,"trapboat","Shellfish trapping from boat","TRP","Boat","Shellfish trapping by boat"
11,"beach","Beach digging or hand picking","HP","Shore","10 - Dig/Beach"
12,"trapshore","Shellfish trapping from shore or dock","TRP","Shore","Shellfish trapping from shore or dock"
13,"angleshore","Angling from shore","JHO","Shore","Angling from shore"
14,"dive","Dive-based or other","DIV","Other","8 - Dive"
1,"Angling from boat","Angling from boat","JHO","Boat","Angling from boat"
2,"Angling from shore","Angling from shore","JHO","Shore","Angling from shore"
3,"Beach digging or hand picking","Beach digging or hand picking","HP","Shore","10 - Dig/Beach"
4,"Dive-based or other","Dive-based or other","DIV","Other","8 - Dive"
5,"Shellfish trapping by boat","Shellfish trapping from boat","TRP","Boat","Shellfish trapping by boat"
6,"Shellfish trapping from shore or dock","Shellfish trapping from shore or dock","TRP","Shore","Shellfish trapping from shore or dock"
7,"Unspecified","Unspecified","UNS","Other","Other"
8,"(blank)","(blank)","UNS","Other","Other"
