LRG_AREA_ID_ID,LRG_AREA_NME,NEIGHBOURS,JANUARY,FEBRUARY,MARCH,APRIL,MAY,JUNE,JULY,AUGUST,SEPTEMBER,OCTOBER,NOVEMBER,DECEMBER
209,Area 12,2,0,0,0,0,0,1,1,1,0,0,0,0
186,Area 23 Barkley Sound,190,0,0,0,0,0,1,1,1,0,0,0,0
210,Area 10,209,0,0,0,0,0,1,1,1,0,0,0,0
184,Area 21,186,0,0,0,0,0,1,1,1,0,0,0,0
227,Area 7,229,0,0,0,0,0,1,1,1,0,0,0,0
1,Area 13,5,0,0,0,0,0,1,1,1,0,0,0,0
3,Area 15,6,0,0,0,0,0,1,1,1,0,0,0,0
186,Area 23 Barkley Sound,188,0,0,0,0,0,1,1,1,0,0,0,0
231,Area 102,242,0,0,0,0,0,1,1,1,0,0,0,0
213,Area 1,633,0,0,0,0,0,1,1,1,0,0,0,0
209,Area 12,211,0,0,0,0,0,1,1,1,0,0,0,0
1,Area 13,6,0,0,0,0,0,1,1,1,0,0,0,0
2,Area 14,337,0,0,0,0,0,1,1,1,0,0,0,0
2,Area 14,672,0,0,0,0,0,1,1,1,0,0,0,0
2,Area 14,191,0,0,0,0,0,1,1,1,0,0,0,0
3,Area 15,5,0,0,0,0,0,1,1,1,0,0,0,0
6,Area 18,671,0,0,0,0,0,1,1,1,0,0,0,0
6,Area 18,8,0,0,0,0,0,1,1,1,0,0,0,0
7,Area 19 Saanich Inlet only,671,0,0,0,0,0,1,1,1,0,0,0,0
671,#N/A,185,0,0,0,0,0,1,1,1,0,0,0,0
671,#N/A,9,0,0,0,0,0,1,1,1,0,0,0,0
671,#N/A,191,0,0,0,0,0,1,1,1,0,0,0,0
187,Area 24,188,0,0,0,0,0,1,1,1,0,0,0,0
187,Area 24,191,0,0,0,0,0,1,1,1,0,0,0,0
188,Area 25,192,0,0,0,0,0,1,1,1,0,0,0,0
190,Area 121,192,0,0,0,0,0,1,1,1,0,0,0,0
