"HART_CD","SPECIES_TXT"
"RD_HRS","Rod Hours"
"81H","Clams (Littleneck)"
"280","Temperate Basses"
"015","Unidentified"
"016","Hagfishes"
"041","Blue Shark"
"044","Dogfish"
"051","Skates"
"059","Longnose Skate"
"065","Ratfish"
"069","Bull Head"
"094","Herring"
"100","Pacific Sardine"
"106","Unknown Salmonid"
"108","Pink"
"112","Chum"
"115","Coho"
"118","Sockeye"
"124","Chinook"
"127","Cutthroat Trout"
"128","Rainbow Trout (Steelhead)"
"131","Atlantic salmon"
"14A","Abalone"
"222","Pacific cod"
"225","Hake"
"226","Pacific tomcod"
"228","Pollock"
"287","Jack Mackerel"
"344","Gunnels"
"369","Mackerel and Tuna"
"371","Skipjack Tuna"
"376","Albacore Tuna"
"386","Rag Fish"
"389","Rockfish"
"394","Rougheye Rockfish"
"403","ShortRaker Rockfish"
"405","Silvergray Rockfish"
"407","Copper"
"409","Dusky"
"414","Green striped"
"417","Widow Rockfish"
"418","Yellowtail"
"421","Rosethorn Rockfish"
"424","Quillback"
"426","Black"
"428","Vermilion"
"429","Blue Rockfish"
"431","China"
"433","Tiger"
"435","Bocaccio Rockfish"
"437","Canary"
"439","Redstripe rockfish"
"440","Yellowmouth"
"442","Yelloweye"
"455","Sablefish"
"458","Skilfish"
"459","Greenling"
"461","Kelp Greenling"
"467","Lingcod"
"472","Sculpins"
"4GA","Starfish"
"502","Red Irish Lord"
"504","Brown Irish Lord"
"518","Staghorn Sculpin"
"540","Cabezon"
"595","Flounder"
"596","Pacific Sandab"
"597","Flatfishes"
"602","Arrowtooth Flounder"
"614","Halibut"
"618","Other sole"
"619","Butter Sole"
"621","Rock sole"
"628","English sole"
"631","Starry flounder"
"636","Sand Sole"
"65F","Mussels"
"67B","Scallops"
"69E","Oysters"
"6AB","Sea Urchin"
"6NA","Sea Cucumber"
"753","Any Crab"
"782","Perches"
"787","Sunfish"
"82E","Clams (Butter)"
"92A","Squid"
"97A","Octopus"
"9GF","Groundfish"
"9SL","Shellfish"
"9XX","Other"
"SAB","Other Shrimp"
"SCA","Pandalid Shrimp"
"SDF","Spot Prawns"
"VSA","Squat Lobster"
"WAA","Other Crabs"
"XKG","Dungeness Crab"
"XLA","Red Rock Crab"
"XXX","Empty Records"
"ZAA","Spider Crab"
"VMH","Box Crab"
"128S","Steelhead"
"128R","Rainbow Trout"
"126","Cutthroat Trout"
"133","Brown Trout"
"081","Sturgeon"
"082","Green Sturgeon"
"083","White Sturgeon"
"NULL","NULL"
"109","Trout"
"82B","Clams (Manila)"
"60A","Bivalve Molluscs (Clams & Mussels)"
"134","Dolly Varden (Char)"
"742","Pike Minnow( Squaw FIsh)"
"709","Whitefish (Mountain)"
"744","Peamouth Chub"
"036","Salmon Shark"
"82D","Clams (Genus)"
"374","Chub Mackerel"
"599","Sole (Family)"
"402","Rockfish Unspecified"
"398","Brown"
"420","Chillipepper"
"148","Eulachon"
"361","Pacific Sand Lance"
"ANGLER_DAY","Fisher Days (adult)"
"SCF","Coonstripe Shrimp"
"69F","Pacific Oyster"
"SCJ","Humpback Shrimp"
"XKD","Rock Crabs (Genus)"
"VNF","Alaska King Crab"
"YQA","Shore Crab"
"ANGLER_D_J","Fisher Days (juvenile)"
"401","Redbanded"
"83G","Soft Shell Clam"
"HOE","Giant Barnacle"
"68A","Weathervane scallop"
"060","Cartilaginous Fish (Sharks)"
"76D","Horse Clam"
"URL","Ghost Shrimp"
"351","Wolf Eel"
"79I","Varnish Clam"
"67J","Giant Rock Scallop"
"67E","Pink Scallop"
"76I","Pacific Razor Clam"
"139","Surf Smelt"
"6CD","Pacific Sand Dollar"
"104","Northern Anchovy"
"27F","Moon Snail"
"HCF","Goose Barnacle"
"84C","Geoduck"
"65I","California Mussel"
"66A","Blue Mussel"
"75C","Heart Cockle"
"12F","Limpets"
"011","Finned Fishes"
"AAA","Crustaceans"
"66Z","Scallop (Pink and Spiny)"
"ANGLERDAYS","Fisher Days"
"379","Bluefin Tuna"
"TUN","Tunas - Not Identified to Species"
