Column,method1,Method2,Method3,Method4,Method5,Method6
salmon_chinook_hatch_kept,angleboat,angleshore,dive,,,
salmon_chinook_hatch_rele,angleboat,angleshore,dive,,,
salmon_chinook_wild_kept,angleboat,angleshore,dive,,,
salmon_chinook_wild_rele,angleboat,angleshore,dive,,,
salmon_chinook_unk_kept,angleboat,angleshore,dive,,,
salmon_chinook_unk_rele,angleboat,angleshore,dive,,,
salmon_chinook_subl_rele,angleboat,angleshore,dive,,,
salmon_coho_hatch_kept,angleboat,angleshore,dive,,,
salmon_coho_hatch_rele,angleboat,angleshore,dive,,,
salmon_coho_wild_kept,angleboat,angleshore,dive,,,
salmon_coho_wild_rele,angleboat,angleshore,dive,,,
salmon_coho_unk_kept,angleboat,angleshore,dive,,,
salmon_coho_unk_rele,angleboat,angleshore,dive,,,
salmon_sockeye_kept,angleboat,angleshore,dive,,,
salmon_sockeye_rele,angleboat,angleshore,dive,,,
salmon_pink_kept,angleboat,angleshore,dive,,,
salmon_pink_rele,angleboat,angleshore,dive,,,
salmon_chum_kept,angleboat,angleshore,dive,,,
salmon_chum_rele,angleboat,angleshore,dive,,,
salmon_unknown_kept,angleboat,angleshore,dive,,,
salmon_unknown_rele,angleboat,angleshore,dive,,,
halibut_halibut_kept,angleboat,angleshore,dive,,,
halibut_halibut_rele,angleboat,angleshore,dive,,,
halibut_lingcod_kept,angleboat,angleshore,dive,,,
halibut_lingcod_rele,angleboat,angleshore,dive,,,
halibut_rockfish_black_kept,angleboat,angleshore,dive,,,
halibut_rockfish_black_rele,angleboat,angleshore,dive,,,
halibut_rockfish_bocaccio_kept,angleboat,angleshore,dive,,,
halibut_rockfish_bocaccio_rele,angleboat,angleshore,dive,,,
halibut_rockfish_canary_kept,angleboat,angleshore,dive,,,
halibut_rockfish_canary_rele,angleboat,angleshore,dive,,,
halibut_rockfish_china_kept,angleboat,angleshore,dive,,,
halibut_rockfish_china_rele,angleboat,angleshore,dive,,,
halibut_rockfish_copper_kept,angleboat,angleshore,dive,,,
halibut_rockfish_copper_rele,angleboat,angleshore,dive,,,
halibut_rockfish_quillback_kept,angleboat,angleshore,dive,,,
halibut_rockfish_quillback_rele,angleboat,angleshore,dive,,,
halibut_rockfish_tiger_kept,angleboat,angleshore,dive,,,
halibut_rockfish_tiger_rele,angleboat,angleshore,dive,,,
halibut_rockfish_vermillion_kept,angleboat,angleshore,dive,,,
halibut_rockfish_vermillion_rele,angleboat,angleshore,dive,,,
halibut_rockfish_yelloweye_kept,angleboat,angleshore,dive,,,
halibut_rockfish_yelloweye_rele,angleboat,angleshore,dive,,,
halibut_rockfish_yellowtail_kept,angleboat,angleshore,dive,,,
halibut_rockfish_yellowtail_rele,angleboat,angleshore,dive,,,
halibut_rockfish_other_kept,angleboat,angleshore,dive,,,
halibut_rockfish_other_rele,angleboat,angleshore,dive,,,
finfish_altsal_kept,angleboat,angleshore,dive,,,
finfish_altsal_rele,angleboat,angleshore,dive,,,
finfish_cod_kept,angleboat,angleshore,dive,,,
finfish_cod_rele,angleboat,angleshore,dive,,,
finfish_ctt_kept,angleboat,angleshore,dive,,,
finfish_ctt_rele,angleboat,angleshore,dive,,,
finfish_dol_kept,angleboat,angleshore,dive,,,
finfish_dol_rele,angleboat,angleshore,dive,,,
finfish_eulachon_kept,angleboat,angleshore,dive,,,
finfish_eulachon_rele,angleboat,angleshore,dive,,,
finfish_grnling_kept,angleboat,angleshore,dive,,,
finfish_grnling_rele,angleboat,angleshore,dive,,,
finfish_herring_kept,angleboat,angleshore,dive,,,
finfish_herring_rele,angleboat,angleshore,dive,,,
finfish_mac_kept,angleboat,angleshore,dive,,,
finfish_mac_rele,angleboat,angleshore,dive,,,
finfish_nanchovy_kept,angleboat,angleshore,dive,,,
finfish_nanchovy_rele,angleboat,angleshore,dive,,,
finfish_pacsandlance_kept,angleboat,angleshore,dive,,,
finfish_pacsandlance_rele,angleboat,angleshore,dive,,,
finfish_pacsardine_kept,angleboat,angleshore,dive,,,
finfish_pacsardine_rele,angleboat,angleshore,dive,,,
finfish_perch_kept,angleboat,angleshore,dive,,,
finfish_perch_rele,angleboat,angleshore,dive,,,
finfish_sablefish_kept,angleboat,angleshore,dive,,,
finfish_sablefish_rele,angleboat,angleshore,dive,,,
finfish_sculpin_kept,angleboat,angleshore,dive,beach,,
finfish_sculpin_rele,angleboat,angleshore,dive,beach,,
finfish_spinydog_kept,angleboat,angleshore,dive,,,
finfish_spinydog_rele,angleboat,angleshore,dive,,,
finfish_salmon_shark_kept,angleboat,angleshore,dive,,,
finfish_salmon_shark_rele,angleboat,angleshore,dive,,,
finfish_other_sharks_rele,angleboat,angleshore,dive,,,
finfish_skate_kept,angleboat,angleshore,dive,,,
finfish_skate_rele,angleboat,angleshore,dive,,,
finfish_smelt_kept,angleboat,angleshore,dive,,,
finfish_smelt_rele,angleboat,angleshore,dive,,,
finfish_sole_kept,angleboat,angleshore,dive,,,
finfish_sole_rele,angleboat,angleshore,dive,,,
finfish_steel_kept,angleboat,angleshore,dive,,,
finfish_steel_rele,angleboat,angleshore,dive,,,
finfish_sturgeon_rele,angleboat,angleshore,dive,,,
finfish_albacore_tuna_kept,angleboat,angleshore,dive,,,
finfish_albacore_tuna_rele,angleboat,angleshore,dive,,,
finfish_bluefin_tuna_kept,angleboat,angleshore,dive,,,
finfish_bluefin_tuna_rele,angleboat,angleshore,dive,,,
finfish_tuna_other_kept,angleboat,angleshore,dive,,,
finfish_tuna_other_rele,angleboat,angleshore,dive,,,
finfish_wolf_rele,angleboat,angleshore,dive,,,
finfish_squid_kept,angleboat,angleshore,dive,,,
finfish_oth_kept,angleboat,angleshore,dive,beach,,
finfish_oth_rele,angleboat,angleshore,dive,beach,,
prawncrab_duncrablegal_kept,trapboat,trapshore,beach,dive,,
prawncrab_redrcrab_kept,trapboat,trapshore,beach,dive,,
prawncrab_akingcrab_kept,trapboat,trapshore,,dive,,
prawncrab_boxcrab_kept,trapboat,trapshore,,dive,,
prawncrab_shorecrab_kept,trapboat,trapshore,beach,dive,,
prawncrab_othuncrab_kept,trapboat,trapshore,beach,dive,,
prawncrab_coonshrimp_kept,trapboat,trapshore,,dive,,
prawncrab_humpshrimp_kept,trapboat,trapshore,,dive,,
prawncrab_othshrimp_kept,trapboat,trapshore,,dive,,
prawncrab_prawn_kept,trapboat,trapshore,,dive,,
prawncrab_gshrimp_kept,,,beach,dive,,
bivalves_razorclam_kept,beach,dive,,,,
bivalves_butterclam_kept,beach,dive,,,,
bivalves_horseclam_kept,beach,dive,,,,
bivalves_lneck_kept,beach,dive,,,,
bivalves_manila_kept,beach,dive,,,,
bivalves_softshell_kept,beach,dive,,,,
bivalves_varnish_kept,beach,dive,,,,
bivalves_geoduck_kept,beach,dive,,,,
bivalves_unkclam_kept,beach,dive,,,,
bivalves_bluemussel_kept,beach,dive,,,,
bivalves_calimussel_kept,beach,dive,,,,
bivalves_pacificoyster_kept,beach,dive,,,,
bivalves_pinkscallop_kept,beach,dive,,,,
bivalves_rockscallop_kept,beach,dive,,,,
bivalves_weathervane_kept,beach,dive,,,,
bivalves_unkscallop_kept,beach,dive,,,,
bivalves_cockle_kept,beach,dive,,,,
othshellfish_giantbarn_kept,beach,dive,,,,
othshellfish_goosebarn_kept,beach,dive,,,,
othshellfish_moonsnail_kept,beach,dive,,,,
othshellfish_limpet_kept,beach,dive,,,,
othshellfish_seaurchin_kept,beach,dive,,,,
othshellfish_seacucumber_kept,beach,dive,,,,
othshellfish_sanddollar_kept,beach,dive,,,,
othshellfish_seastar_kept,beach,dive,,,,
othshellfish_octopus_kept,beach,dive,trapboat,trapshore,,
othshellfish_otherunk_kept,beach,dive,trapboat,trapshore,,
