"AREA_ID","TEXT","LRG_AREA_ID_ID","STD_REF_TYPE_CDE","TYPE_CDE","TYPE_NAME"
90,"A001",213,"1","1","PFMA 1"
86,"A002E",633,"QCCSA2012-2E","QCCSA2012-2E","2E"
102,"A002W",634,"PRCSA2012-2W","PRCSA2012-2W","2W"
65,"A003",214,"3","3","PFMA 3"
91,"A004",215,"4","4","PFMA 4"
104,"A005",226,"5","5","PFMA 5"
74,"A006",225,"6","6","PFMA 6"
98,"A007",227,"7","7","PFMA 7"
88,"A008",228,"8","8","PFMA 8"
105,"A009",229,"9","9","PFMA 9"
96,"A010",210,"10","10","PFMA 10"
71,"A011",207,"11","11","PFMA 11"
87,"A012",209,"12","12","PFMA 12"
61,"A013",1,"13","13","PFMA 13"
57,"A014",2,"14","14","PFMA 14"
76,"A015",3,"15","15","PFMA 15"
77,"A016",4,"16","16","PFMA 16"
83,"A017",5,"17","17","PFMA 17"
85,"A018",6,"18","18","PFMA 18"
112,"A019",631,"19","19","PFMA 19"
81,"A019MP",337,"JDFCS2012-19-JDF","JDFCS2012-19-JDF","AREA 19 (JDF)"
80,"A019SI",7,"GSCS2012-19-A","GSCS2012-19-A","19-A"
103,"A020",632,"20","20","PFMA 20"
111,"A020E",671,"JDFCS2012-20-East","JDFCS2012-20-East","AREA 20 (EAST)"
110,"A020W",672,"JDFCS2012-20-West","JDFCS2012-20-West","AREA 20 (WEST)"
84,"A021",184,"21","21","PFMA 21"
67,"A022",185,"22","22","PFMA 22"
75,"A023AI",297,"WCCS2012-23-AC","WCCS2012-23-AC","AREA 23 (ALBERNI CANAL)"
78,"A023BS",186,"WCCS2012-23-BK","WCCS2012-23-BK","AREA 23 (BARKLEY)"
64,"A024",187,"24","24","PFMA 24"
59,"A025",188,"25","25","PFMA 25"
60,"A026",189,"26","26","PFMA 26"
95,"A027",211,"27","27","PFMA 27"
73,"A028",8,"28","28","PFMA 28"
99,"A029GS",9,"29","29","PFMA 29"
72,"A029IR",630,"1-LFMREC2014","1-LFMREC2014","SECTION 1 - LFM"
79,"A101",230,"101","101","PFMA 101"
93,"A102",231,"102","102","PFMA 102"
70,"A103",232,"103","103","PFMA 103"
106,"A104",233,"104","104","PFMA 104"
66,"A105",234,"105","105","PFMA 105"
89,"A106",235,"106","106","PFMA 106"
63,"A107",236,"107","107","PFMA 107"
97,"A108",238,"108","108","PFMA 108"
100,"A109",239,"109","109","PFMA 109"
108,"A110",240,"110","110","PFMA 110"
94,"A111",208,"111","111","PFMA 111"
58,"A121",190,"121","121","PFMA 121"
68,"A123",191,"123","123","PFMA 123"
92,"A124",192,"124","124","PFMA 124"
82,"A125",193,"125","125","PFMA 125"
69,"A126",194,"126","126","PFMA 126"
101,"A127",212,"127","127","PFMA 127"
107,"A130",241,"130","130","PFMA 130"
62,"A142",242,"142","142","PFMA 142"
1,"Area 1",213,"1","1","PFMA 1"
2,"Area 10",210,"10","10","PFMA 10"
3,"Area 101",230,"101","101","PFMA 101"
4,"Area 102",231,"102","102","PFMA 102"
5,"Area 103",232,"103","103","PFMA 103"
6,"Area 104",233,"104","104","PFMA 104"
7,"Area 105",234,"105","105","PFMA 105"
8,"Area 106",235,"106","106","PFMA 106"
9,"Area 107",236,"107","107","PFMA 107"
10,"Area 108",238,"108","108","PFMA 108"
11,"Area 109",239,"109","109","PFMA 109"
12,"Area 11",207,"11","11","PFMA 11"
13,"Area 110",240,"110","110","PFMA 110"
14,"Area 111",208,"111","111","PFMA 111"
15,"Area 12",209,"12","12","PFMA 12"
16,"Area 121",190,"121","121","PFMA 121"
17,"Area 123",191,"123","123","PFMA 123"
18,"Area 124",192,"124","124","PFMA 124"
19,"Area 125",193,"125","125","PFMA 125"
20,"Area 126",194,"126","126","PFMA 126"
21,"Area 127",212,"127","127","PFMA 127"
22,"Area 13",1,"13","13","PFMA 13"
23,"Area 14",2,"14","14","PFMA 14"
24,"Area 142",242,"142","142","PFMA 142"
25,"Area 15",3,"15","15","PFMA 15"
26,"Area 16",4,"16","16","PFMA 16"
27,"Area 17",5,"17","17","PFMA 17"
28,"Area 18",6,"18","18","PFMA 18"
29,"Area 19",631,"19","19","PFMA 19"
30,"Area 19 Main Portion",337,"JDFCS2012-19-JDF","JDFCS2012-19-JDF","AREA 19 (JDF)"
31,"Area 19 Saanich Inlet only",7,"GSCS2012-19-A","GSCS2012-19-A","19-A"
32,"Area 2",224,"2","2","PFMA 2"
33,"Area 2 East",633,"QCCSA2012-2E","QCCSA2012-2E","2E"
34,"Area 2 West",634,"PRCSA2012-2W","PRCSA2012-2W","2W"
35,"Area 20",632,"20","20","PFMA 20"
36,"Area 21",184,"21","21","PFMA 21"
37,"Area 22",185,"22","22","PFMA 22"
38,"Area 23",570,"23","23","PFMA 23"
39,"Area 23 Alberni Inlet",297,"WCCS2012-23-AC","WCCS2012-23-AC","AREA 23 (ALBERNI CANAL)"
40,"Area 23 Barkley Sound",186,"WCCS2012-23-BK","WCCS2012-23-BK","AREA 23 (BARKLEY)"
41,"Area 24",187,"24","24","PFMA 24"
42,"Area 25",188,"25","25","PFMA 25"
43,"Area 26",189,"26","26","PFMA 26"
44,"Area 27",211,"27","27","PFMA 27"
45,"Area 28",8,"28","28","PFMA 28"
46,"Area 29",9,"29","29","PFMA 29"
47,"Area 29 Georgia Strait",9,"29","29","PFMA 29"
48,"Area 29 In River",630,"1-LFMREC2014","1-LFMREC2014","SECTION 1 - LFM"
49,"Area 3",214,"3","3","PFMA 3"
50,"Area 4",215,"4","4","PFMA 4"
51,"Area 5",226,"5","5","PFMA 5"
52,"Area 6",225,"6","6","PFMA 6"
53,"Area 7",227,"7","7","PFMA 7"
54,"Area 8",228,"8","8","PFMA 8"
55,"Area 9",229,"9","9","PFMA 9"
